x,impedance,resistance,phase
0.0,100.74864116824038,99.00872502108673,44.93759302212183
0.02004008016032064,100.00031240119804,100.03634625785679,45.94526069168681
0.04008016032064128,98.39004787122246,95.70034267529483,46.18513454769466
0.06012024048096192,99.46840240479764,94.088372103349,43.740230895272376
0.08016032064128256,97.5225354110425,96.57018134922717,46.26665365214248
0.1002004008016032,96.90710299743262,96.95096480485815,42.188873892287425
0.12024048096192384,99.33744822146386,97.38051414877695,45.39736001909481
0.1402805611222445,97.31806377207205,97.16417015971479,43.84175178072851
0.16032064128256512,97.2792438198363,96.34374087090126,46.39233599431858
0.18036072144288576,96.25815156693753,95.26150896405107,44.823817511941854
0.2004008016032064,96.0669801135069,100.236165214601,42.15263472623215
0.22044088176352705,95.61166749158237,92.07051206162197,46.56717932959722
0.24048096192384769,95.72764069816317,94.4283427154859,44.36352494451476
0.2605210420841683,92.29595980301815,90.85400824950094,44.48039971846497
0.280561122244489,94.51809978204136,97.53991547773171,46.60425691723624
0.3006012024048096,94.68347853269759,96.31624496026033,42.16754588841471
0.32064128256513025,93.20894165405764,91.0629852247535,39.321842681029146
0.3406813627254509,91.48084772533781,89.9999908524322,46.91340637277132
0.3607214428857715,92.79112038513071,93.75048131264033,44.556973474095756
0.3807615230460922,92.08933092019826,92.04825855605975,43.62222891484919
0.4008016032064128,119.81590912145755,54.78247763581792,61.17758303888543
0.42084168336673344,92.09857805113765,89.12216054289514,45.59929537567469
0.4408817635270541,91.42613365135014,93.13111195401176,44.16979942207326
0.4609218436873747,91.59639964575189,92.88003271174829,50.629308888945104
0.48096192384769537,89.61181183361813,89.42480489899143,45.786614100010645
0.501002004008016,90.17772628164138,88.84660008822851,45.3625023252041
0.5210420841683366,90.47068994823579,91.30351177775067,45.38968468054028
0.5410821643286573,91.48726196816455,89.62147931132624,45.4127235426509
0.561122244488978,89.30553722344688,91.91718110010929,45.897271529029055
0.5811623246492986,87.41055940338546,89.09231617009867,44.525976059974745
0.6012024048096192,88.7275655385025,90.05830199131861,45.55853567643305
0.6212424849699398,126.98019902061034,63.29738993305945,55.98034726135755
0.6412825651302605,88.51022093694226,86.75471512127166,43.73423945023042
0.6613226452905812,86.42026134193887,86.74749737785153,45.594488546760246
0.6813627254509018,87.80641162556789,85.71796691862687,47.10797154236575
0.7014028056112224,87.80685091857083,88.81137231863515,43.59054312877823
0.721442885771543,86.65596657000937,83.99114863561628,44.71019084183714
0.7414829659318637,84.98089843243014,84.22296448334582,45.22628091410605
0.7615230460921844,84.91271587663294,84.29605143905746,40.98508627850998
0.781563126252505,84.37025617109566,83.71495755774107,44.38876177786337
0.8016032064128256,85.93528743252497,87.02436427849992,43.6036006507779
0.8216432865731462,84.92613188426282,87.77739881829503,41.176718898696485
0.8416833667334669,85.23853484336729,87.47377477230609,44.55136205824379
0.8617234468937875,84.07036731321207,85.51567963230814,45.15960296811747
0.8817635270541082,83.55384379217737,85.45812869716904,44.22527607089438
0.9018036072144289,83.40304217586721,81.57047646273973,47.84100857454213
0.9218436873747494,83.22755670806512,83.03866237025665,45.44311694724842
0.9418837675350701,82.86694530478627,84.91334769130887,42.93608951581113
0.9619238476953907,83.30054756431558,84.29264192117391,43.82021048707422
0.9819639278557114,83.15448205521021,82.93467256896663,45.14455793076858
1.002004008016032,81.03479795635062,78.60339444770956,43.44232591435913
1.0220440881763526,80.06017352645763,82.22351613072742,46.77238237716959
1.0420841683366733,81.55941278736768,81.45723584448652,45.48624691702579
1.062124248496994,81.43357263811085,80.95434826899152,47.71316677165596
1.0821643286573146,80.07158710839701,79.75073613069226,45.463684184269695
1.1022044088176353,79.95733962227861,81.79001005132933,43.445257030308184
1.122244488977956,78.95857620951192,81.42017170188512,41.939077180513245
1.1422845691382766,79.80128561619497,82.40223635933731,44.25464883209605
1.1623246492985972,114.89912702938378,58.84401825381573,54.525208409090524
1.1823647294589177,78.76113543062436,78.04473246405402,42.92038693794623
1.2024048096192383,78.88132609444772,77.92268710405763,44.72537806842224
1.222444889779559,77.54061100819224,79.02596594828728,45.41520670280125
1.2424849699398797,76.82677007241756,77.29952614256753,42.808961222308874
1.2625250501002003,77.26331474674802,75.9023151379588,48.597450036702625
1.282565130260521,77.69950509689392,76.55700996593735,48.312416504114594
1.3026052104208417,76.77557189700919,76.40234864600816,45.004575872287006
1.3226452905811623,75.46204642952077,77.07748533787701,47.54378484387731
1.342685370741483,77.33702910418484,77.16563082019657,44.22351389295692
1.3627254509018036,104.48870305075373,41.883843933574354,69.93374774002498
1.3827655310621243,76.13922403810687,77.49648746011822,45.0084597179883
1.4028056112224447,75.68846493298048,76.62531601028904,48.276719464541884
1.4228456913827654,76.65041136877235,77.2349621415516,45.623305712009554
1.442885771543086,75.19613186973385,72.91180749569706,39.73853972634187
1.4629258517034067,74.81675089039544,75.39789109410923,44.81035153743826
1.4829659318637274,74.24606102721171,73.48164930926228,45.48706040837269
1.503006012024048,73.70158256221248,73.61254555352305,47.255560501267794
1.5230460921843687,73.51784307207204,73.64445677806131,43.506153429859665
1.5430861723446894,74.34491358066072,75.81719004997905,44.565737850107595
1.56312625250501,72.86557880690556,73.63290681128258,44.0451785876144
1.5831663326653307,72.64073706214829,71.69665898364161,45.16833646037139
1.6032064128256511,73.5602790678406,73.5791526398233,45.95965407073366
1.6232464929859718,73.14417006838633,72.75117265502158,41.327280432459204
1.6432865731462925,71.78065252533642,71.15935669013845,46.58763693428763
1.6633266533066131,71.83029428605835,71.40308206034501,44.5072331949709
1.6833667334669338,71.58061560090388,72.9927243510442,43.576053545482154
1.7034068136272544,70.59853425072308,68.42014133381814,44.67873776094901
1.723446893787575,70.59612746307903,69.91251134354586,43.067507360493494
1.7434869739478958,70.37160077182361,70.12476751817398,45.983011294493565
1.7635270541082164,69.5346491487571,69.5217316113628,45.613962145372476
1.783567134268537,70.18204930957378,72.7274226798852,44.31424227688487
1.8036072144288577,69.67391820363864,70.06179100368517,43.98157327480173
1.8236472945891782,69.09761653375567,67.92798774626833,43.83018469316446
1.8436873747494988,70.16911568153292,69.4972343697603,45.71895159509425
1.8637274549098195,68.56534170659162,71.78664538678798,43.56791312744832
1.8837675350701402,82.83234470895448,38.8537052566823,58.001879709797414
1.9038076152304608,67.5335700352739,68.0681642206583,45.52710162390957
1.9238476953907815,68.29223360014947,70.04610899865496,40.147215858929584
1.9438877755511021,67.80788799518727,64.57083452937536,44.008243655979705
1.9639278557114228,67.61222341051726,69.09604151908941,41.868703936788805
1.9839679358717435,67.36613078589936,63.31387971486516,46.14235881243842
2.004008016032064,66.20116402888551,66.52377186554884,42.81958318640114
2.024048096192385,65.89652213680745,64.5976494944953,43.06051256073065
2.0440881763527052,67.56927356037144,67.71864938246102,43.747369447633986
2.064128256513026,66.34584272454593,67.00142446583038,39.29074667419122
2.0841683366733466,65.67413807795364,64.54867792389854,42.7478920781779
2.1042084168336674,66.00529425138728,65.66689741329576,43.923904483019726
2.124248496993988,64.918912484458,65.95481549492446,41.281326456679885
2.1442885771543083,65.01396778388636,65.07311941141853,46.11667284642341
2.164328657314629,64.28280204778153,66.66981204052219,44.03646805781305
2.1843687374749496,65.32891218077013,65.75284273417095,41.39227441487527
2.2044088176352705,63.59867752846398,60.55617250245773,46.6895487515634
2.224448897795591,89.63241235969292,38.463901537272754,64.55789228875187
2.244488977955912,64.22595141505612,62.46178927065074,46.039804279057506
2.2645290581162323,63.559748776299756,65.93538062537245,45.83941121671453
2.284569138276553,64.57933423946587,64.93656322934623,45.0171121616487
2.3046092184368736,64.45725251929574,62.432158464098855,47.7111458714207
2.3246492985971945,85.00156641044339,39.29803783099705,55.374430488395916
2.344689378757515,61.700188291241005,59.77139807081869,42.64108067098444
2.3647294589178354,62.7319460528493,64.53246255903197,44.30539542208432
2.3847695390781563,63.95698741613361,65.81592984280218,44.84353868188296
2.4048096192384767,62.48939597262772,60.18741438711842,46.78413519946344
2.4248496993987976,61.74023377201185,61.011831980040945,46.39737762703409
2.444889779559118,62.250063066314084,62.281450628200616,41.91376354411426
2.464929859719439,60.80119607731238,61.00098244218782,49.3924462843056
2.4849699398797593,92.10148618066856,46.14484960130485,50.23786769756119
2.50501002004008,60.88723152867502,62.19672518243067,45.42133693040622
2.5250501002004007,59.093793747672535,59.34143719939708,42.8167496556818
2.5450901803607215,61.11684769537881,61.402688778899766,47.07088683283389
2.565130260521042,59.587281230701564,58.59090781903097,47.84899164249389
2.5851703406813624,59.89002004621222,59.78017453372402,43.22446097692292
2.6052104208416833,59.06709175044601,60.24563625885873,44.42641152852346
2.6252505010020037,59.418792295029604,60.32138144192,44.41648273548292
2.6452905811623246,58.551719256501976,58.48166078529873,45.98712040866858
2.665330661322645,59.943624367872566,60.29237284687046,41.00893643909652
2.685370741482966,58.25586220948715,56.94948179296337,46.85881996958163
2.7054108216432864,58.66150904170948,58.5064824076177,43.95253739445716
2.7254509018036073,58.29777422418302,56.71373740001658,42.8405273574483
2.7454909819639277,57.95967956371647,55.61602353742543,44.79743856259694
2.7655310621242486,57.586774083021716,56.8975322879075,43.06682421802937
2.785571142284569,56.26619046058575,56.1895295482792,45.727941261705475
2.8056112224448895,57.581975460923594,59.99258490027098,41.976233160873576
2.8256513026052104,76.77371876369482,42.772816916498236,71.94123439061103
2.845691382765531,55.557609982794325,54.691919371699974,45.40647190917206
2.8657314629258517,55.89185696827674,55.38029752595863,45.371377160837476
2.885771543086172,55.36181178278814,57.03277632518156,46.211212465262626
2.905811623246493,56.19898153625257,56.77064698778316,44.13938136009072
2.9258517034068134,75.71302567806107,29.82602122901811,58.95509978134938
2.9458917835671343,54.24467783597392,55.55371924867096,41.9456642868207
2.9659318637274548,56.245276962998375,55.058401088322114,45.25253547246814
2.9859719438877756,78.61174210413088,27.63507650269086,59.91636148747787
3.006012024048096,80.54305401578593,39.55694659082752,64.91287993615951
3.0260521042084165,55.409184273871446,54.32967833622731,46.40685583357462
3.0460921843687374,53.47882859745373,52.08049650750532,41.80425573101032
3.066132264529058,53.48689547317093,52.81293386865461,46.46391100501969
3.0861723446893787,54.49492231146681,54.280297538902325,44.070837843768764
3.106212424849699,53.46546462698748,53.51289790137681,41.50858513428069
3.12625250501002,53.15114336786756,53.67702679044139,45.766870062807286
3.1462925851703405,54.00577730247862,53.563676856478004,47.01184902359283
3.1663326653306614,53.605863931199565,52.39705588193087,47.25581798650714
3.186372745490982,54.21527453852432,54.38279286841851,44.32689482024365
3.2064128256513023,51.04365751520773,51.023369054461284,44.785470468378115
3.226452905811623,52.8545113901683,54.14446051512705,42.84664174505797
3.2464929859719436,51.8692011556213,51.078175879614776,47.07260578414496
3.2665330661322645,51.00271370432197,50.395235748319884,46.80106615466318
3.286573146292585,53.08196678089417,54.88615486882066,44.19640994611673
3.306613226452906,50.95281603160039,51.64716261713749,42.692615437320285
3.3266533066132262,51.77017583475687,52.5516293457432,45.39884797197353
3.346693386773547,66.61298795127716,36.74631180753879,52.86466515002429
3.3667334669338675,50.6263717923992,48.94447926090536,46.00650412949901
3.3867735470941884,51.540139972123626,49.41317822616938,44.36529901551493
3.406813627254509,50.93090732378825,51.88961225205756,45.38379547174607
3.4268537074148293,50.123151879021066,52.076293364964535,47.05021830516355
3.44689378757515,49.31629549469228,48.671338571848935,45.05462675970288
3.4669338677354706,50.04042361020689,49.993014609766156,41.83564647330775
3.4869739478957915,48.92826678152347,48.00802500018743,43.87847818604028
3.507014028056112,49.289805788921456,47.282507526337675,45.09498693650328
3.527054108216433,48.24822637216161,48.007880877286574,41.65421219737685
3.5470941883767533,49.89519019219638,50.29855574801928,46.43174548938192
3.567134268537074,50.339114697573685,50.56768899101135,44.35186364958206
3.5871743486973946,49.511816639384506,50.097484146791324,46.360440720953385
3.6072144288577155,49.22121790274994,49.52383346453506,43.35077549913048
3.627254509018036,48.09988412757089,48.365973422984595,47.39096130165096
3.6472945891783564,47.401628246758335,46.8360044700078,49.19587867826486
3.6673346693386772,48.76193270934361,48.24931710468472,45.064814026680274
3.6873747494989977,46.29947404703819,45.67675945905214,45.44654167184052
3.7074148296593186,49.23188106296571,47.51642403982294,43.90791640236656
3.727454909819639,47.21206514790586,46.18083920270055,45.27067669578458
3.74749498997996,46.95889011135911,47.89285301192016,46.2920123742291
3.7675350701402803,47.93470720268671,45.661011261741066,49.08413930585576
3.787575150300601,47.04011564836419,47.31791569947314,43.447001719014
3.8076152304609217,45.990718239809276,46.135246756807675,45.352379645005385
3.8276553106212425,47.043137468721866,46.415724351474005,45.39583333468415
3.847695390781563,47.64420539742336,47.06535470853087,44.19127601461995
3.8677354709418834,45.403573651274584,44.7803831455628,42.134657420520696
3.8877755511022043,45.725802266722276,45.859172058729186,46.170598873032674
3.9078156312625247,46.04734570529146,46.52152616422171,46.639850505270466
3.9278557114228456,45.60510357244254,45.900934949851255,43.93454900356619
3.947895791583166,44.304159664136705,45.048171702416006,42.28496492031613
3.967935871743487,45.8334137314061,45.00779684919146,43.07159985715351
3.9879759519038074,45.648686211266885,46.63474901395144,46.88557702828015
4.008016032064128,45.87548726520335,46.32259456912984,47.14385973042359
4.028056112224449,45.88403457404605,45.077133742274945,45.69719023972196
4.04809619238477,45.36085107043221,45.24729069835791,46.69376420776983
4.06813627254509,44.72238689830009,44.61932484413491,44.23011422317984
4.0881763527054105,42.99145739568635,43.45654630629993,46.752338334382465
4.108216432865731,44.1373020239167,43.547322949492965,44.877848657295246
4.128256513026052,43.66977213767153,42.74533491182385,40.00387796501412
4.148296593186372,45.26029297699603,45.44175020995295,46.21781071250926
4.168336673346693,42.78501189357763,43.00926252445138,41.100876564491266
4.188376753507014,45.53664248242966,45.21711238117853,40.56330447989784
4.208416833667335,42.64525418876442,43.81347922673532,42.827890835763824
4.228456913827655,42.89051764003837,43.96741585317652,46.89173928736829
4.248496993987976,42.98374117801448,42.20952632559794,42.73443009746451
4.268537074148297,42.67312379446142,42.97215162681635,43.31135192563386
4.288577154308617,42.53809247858817,42.625282502303385,44.03434481838617
4.3086172344689375,43.00282470466823,41.47092784329802,40.53906396175108
4.328657314629258,42.28395114188409,42.4756532556437,43.87688450733875
4.348697394789579,42.71329409917482,42.24080833891258,46.39172767818757
4.368737474949899,41.634552316543605,42.611667193681555,44.454910557276385
4.38877755511022,42.17342216509395,41.88613790398606,46.000286066227766
4.408817635270541,42.34861482376803,41.19932798813048,45.446306109495396
4.428857715430862,40.6394088289708,41.087975221687884,46.36046041683526
4.448897795591182,41.10935973664723,39.51698646528528,43.47728946038212
4.468937875751503,41.010094705192074,40.289741521704464,45.19977390881843
4.488977955911824,40.62586797197179,41.0164812884897,47.99342081489196
4.509018036072144,41.33562001488522,40.92642591454563,44.00485500338157
4.529058116232465,40.87334458186894,41.81316339354422,45.59315387706061
4.5490981963927855,41.06847207480698,42.10968228856318,45.57745600601967
4.569138276553106,39.30014755379192,38.3906504767444,42.33374329044439
4.589178356713426,40.510650724011725,39.25359530769868,46.324103669516944
4.609218436873747,39.68950813286604,40.63300459839825,48.69872428277276
4.629258517034068,38.84626732722745,39.501297229716236,47.32567715506997
4.649298597194389,38.33872159560386,37.89397990163361,42.68716836651229
4.669338677354709,39.84154926006504,40.518918812014576,45.835361504478804
4.68937875751503,40.08080894457666,40.166938093379194,45.77474296126598
4.709418837675351,39.36685987277684,39.621315824793804,47.567633719707125
4.729458917835671,38.585546866055225,39.58490140553164,46.08844070468069
4.749498997995992,38.007947080191066,38.65089169660397,46.02812510484955
4.7695390781563125,39.46532266343014,39.10131841788307,46.51312934982628
4.789579158316633,40.08227699964682,38.96438624715365,47.10778310459177
4.809619238476953,37.32388611871067,36.43220135531037,45.57160657358946
4.829659318637274,38.78492221339437,38.12933760267635,46.106777966148854
4.849699398797595,37.921823730585025,37.89609360183186,41.810488083673334
4.869739478957916,38.09952261052891,38.420091712613505,43.84415844633458
4.889779559118236,36.4345853629455,37.07666967128058,45.002651377468815
4.909819639278557,37.01198650887076,37.304692832400896,43.084862089969576
4.929859719438878,36.85554160299285,36.42113843152573,44.08272272779783
4.949899799599198,35.8839639414957,36.498801559687976,48.35475417561098
4.969939879759519,37.9378126362333,37.32688353508112,47.15369628931536
4.98997995991984,35.73389412030695,34.183273657902326,42.611621197815424
5.01002004008016,35.927166162131634,35.23824230396975,42.29498262111856
5.03006012024048,37.862280110885216,36.663114766995555,45.825997824275596
5.050100200400801,36.008300150938055,35.85413587268995,45.758810795210216
5.070140280561122,36.566544102742945,37.071508101318976,45.531233986345065
5.090180360721443,35.486649090394586,35.95348531072722,44.860935427515464
5.110220440881763,36.09490479704566,35.23801653013329,47.11562836164159
5.130260521042084,36.81517671562723,36.38141137015408,43.12880740247515
5.150300601202405,52.75053825545381,22.671963826893034,51.03129631324545
5.170340681362725,35.07502284181933,34.78219523815636,45.688107843126936
5.190380761523046,36.7572552034473,37.01333692759695,43.20433986714874
5.210420841683367,35.7709854518543,35.42207141584349,47.148666009540484
5.2304609218436875,35.27017306413839,35.620335425369085,49.15013007869708
5.2505010020040075,35.08395866129351,35.91203002254502,47.28858613711988
5.270541082164328,33.944630097270576,33.00241640589343,46.527720703266844
5.290581162324649,35.42593650029916,35.388309336606184,43.8980363929235
5.31062124248497,34.50818980904975,34.62414791428832,46.89042306922297
5.33066132264529,34.431409511163054,34.77629626328292,43.24305239731588
5.350701402805611,34.555807601909486,35.068932949318075,43.724824915848075
5.370741482965932,47.72816090276163,18.066943237565763,59.75967431362939
5.390781563126252,34.98107271482831,34.82794918949259,46.53248595008102
5.410821643286573,35.02493763035163,34.29628322715092,48.89039014855386
5.430861723446894,33.12913173058439,31.922511724936598,43.80466463349028
5.4509018036072145,33.43376561385156,33.68131716496703,46.16862833287062
5.4709418837675345,33.294009928591294,33.227105135825354,44.88521859399692
5.490981963927855,32.22383223525659,32.48842217673194,44.53786104508464
5.511022044088176,32.71898194786987,33.630651396439525,46.678698228463205
5.531062124248497,33.335578188279364,33.91750027623101,43.067686553259165
5.551102204408817,32.14401822641636,32.09298096719509,44.399068102558594
5.571142284569138,32.37522344971554,31.72409206492979,45.72032836789153
5.591182364729459,32.85965077099988,32.50631373421679,46.31080765970047
5.611222444889779,31.785639929257073,31.105305455787313,48.43808122568364
5.6312625250501,31.739802202506173,31.170813776679,45.43860467440087
5.651302605210421,31.744842112933107,32.247591088611614,43.85871913959978
5.671342685370742,31.833313680501952,32.37605171508581,42.54163280439917
5.691382765531062,32.02099315075573,32.95095816874805,45.02829852993152
5.7114228456913825,31.206728256880602,30.834487282124837,44.40163645514513
5.731462925851703,31.385548959589116,31.893316466266718,43.83108941629912
5.751503006012024,31.156331080978568,30.689386355583906,44.55692680483252
5.771543086172344,30.966871063705238,30.237934383844962,48.64108781588363
5.791583166332665,31.272446238110703,30.918195350044318,46.66323357236081
5.811623246492986,32.10684034693136,32.24134879759411,43.03093189903606
5.831663326653306,31.10852587335547,31.104821028843222,46.56800555862149
5.851703406813627,31.221468531929123,31.103912624945604,47.386225891702054
5.871743486973948,30.751979869459618,31.380252285363042,46.83782970931666
5.891783567134269,30.10515986710581,29.828399054840283,42.840315104437025
5.911823647294589,30.055747555455447,29.686910872056636,45.39248188133344
5.9318637274549095,31.60435668280946,31.94934144215376,40.6568571904791
5.95190380761523,30.081987569940004,30.077106345339264,45.31617845064637
5.971943887775551,30.377773631485205,30.20915009966375,47.58254767803176
5.991983967935871,30.146619530012934,30.400924398488563,47.62038381616179
6.012024048096192,30.460262252901412,30.32869797117859,46.87495498501385
6.032064128256513,29.659737513751267,30.629650315336104,47.62338689854532
6.052104208416833,29.516584834645432,28.871859034767752,44.49264784491524
6.072144288577154,28.676333665070825,28.47837249981314,45.978509070152654
6.092184368737475,29.673623237800065,30.08095517378858,43.32221465194853
6.112224448897796,29.514249118176558,29.554293174167586,40.96014533568773
6.132264529058116,30.1139567143382,30.982410104121687,43.975251518646616
6.152304609218437,28.35225494207954,28.38393231537034,44.380700572023876
6.1723446893787575,30.497754100895815,31.19677944440792,39.32498711720524
6.192384769539078,29.366881118978164,29.357125240009555,44.788362485004605
6.212424849699398,27.91330080960182,27.660051030701265,48.452453091271266
6.232464929859719,29.738801295409644,29.21103900620014,46.54359235447132
6.25250501002004,30.927115118059348,31.1474725382082,47.52303850507103
6.27254509018036,28.987749217499996,28.600943020096324,43.534062201752484
6.292585170340681,29.20556197838458,29.84578873069405,45.850642616660224
6.312625250501002,27.264135265089237,26.421707649171573,43.92138997107346
6.332665330661323,27.806588657367147,28.021468327765046,46.67552844309318
6.352705410821643,27.581409127411487,27.206726356659612,39.17148802036612
6.372745490981964,34.68963851202255,14.250733895964501,50.63862339344213
6.3927855711422845,27.267802676690586,26.167634751105908,39.33534815003172
6.4128256513026045,27.58702495998809,28.03613116613264,45.257234900809934
6.432865731462925,28.595029559107804,28.46597654157444,47.77804872592552
6.452905811623246,38.49736036731335,19.855462316331618,56.79019599465641
6.472945891783567,28.01637301875533,27.235985088661675,44.93089875209207
6.492985971943887,27.063609290252472,26.188527307974102,44.54123533628906
6.513026052104208,27.91915836184731,27.780335453995754,46.25322727452614
6.533066132264529,26.988255297703166,27.0128490908354,46.24681427655983
6.55310621242485,27.231524762526096,27.61463971061663,49.30985735476629
6.57314629258517,27.028364635563157,26.85792557621422,43.11795459866724
6.593186372745491,27.497171112135252,27.632503177700215,43.395439945720916
6.613226452905812,26.533638741151023,27.320074974316096,44.433563922109535
6.633266533066132,25.60790582896201,25.31824130160994,44.057368557697764
6.6533066132264524,27.101398674937677,27.490801015108207,44.684506033537026
6.673346693386773,26.014388444186977,25.680537045974617,48.330703835247064
6.693386773547094,26.639154906361213,26.183002086130355,45.071132148065985
6.713426853707414,25.74859476397932,26.08451409917657,41.737329779165854
6.733466933867735,26.346374877464235,26.599437341641824,42.8897846490391
6.753507014028056,26.012075359084477,26.4401211130687,43.07469797616205
6.773547094188377,26.5420941839352,26.90984500175612,47.21166613258943
6.793587174348697,25.658804761353917,26.10087339386414,45.502633296476205
6.813627254509018,25.662885796874345,25.54416880321206,43.847160847330315
6.833667334669339,24.680423832956198,25.406539025803156,43.60100955966471
6.853707414829659,25.64383440352952,25.11194739040657,46.33073787006566
6.8737474949899795,25.107356996216616,24.707579177508016,43.09987300506774
6.8937875751503,25.057278791568763,24.333822902331068,44.03418032107896
6.913827655310621,25.26911743891332,25.22731472585726,45.486183455321395
6.933867735470941,24.25574529353468,24.71723813269223,46.053795847331585
6.953907815631262,25.03504449543952,24.93947460525038,44.60360864724056
6.973947895791583,24.48055631237809,24.73033508529726,47.54514032585714
6.993987975951904,23.86652666420847,23.92682028840915,44.06173829157918
7.014028056112224,23.87114356525548,23.397126628195995,42.109589471175546
7.034068136272545,25.167187298249985,25.50254997079924,46.15595704727912
7.054108216432866,24.629825205834997,24.914232459907037,44.74268110729589
7.074148296593186,24.44053303484774,25.12825773754459,44.03176301083037
7.0941883767535066,32.98790173045106,15.121046855189242,50.419704528336794
7.114228456913827,22.641646557447093,22.366165297510648,46.185060614635525
7.134268537074148,23.354950422901005,23.546291047766893,45.713945518533855
7.154308617234468,23.558787080627734,23.59708350141716,44.92421383656634
7.174348697394789,23.19762263264063,24.305713676580158,47.36851329039234
7.19438877755511,23.632056544290897,23.97369426537153,45.22359831640678
7.214428857715431,22.923355695285068,23.385104150291966,46.0359895527829
7.234468937875751,23.005910224178685,23.01796750797401,44.39287134946817
7.254509018036072,22.875183208605783,22.83816323013005,38.65914852824389
7.274549098196393,23.260752143532244,23.358726822014688,44.02304783977928
7.294589178356713,23.593972182254912,24.345520414954876,45.03868814162351
7.314629258517034,27.811636511940424,14.101744451591298,53.000413040078854
7.3346693386773545,23.045433639310914,22.563267358421076,45.94681483142493
7.354709418837675,22.910828598977762,23.04414550289189,46.915679262216536
7.374749498997995,22.65748077526699,22.299092995450422,45.06801619245629
7.394789579158316,23.742895397930994,23.09470400383678,46.40298956384943
7.414829659318637,21.69813131409891,21.92330201426473,45.99161004205514
7.434869739478958,22.62423884264601,22.624971429688273,45.82954578157758
7.454909819639278,21.65492401272871,22.34976084235014,44.42981148591597
7.474949899799599,22.328256762059112,22.390170867273145,42.82774740163718
7.49498997995992,23.299508152417154,22.894907085353434,45.19562658618661
7.51503006012024,23.035614597275035,23.544210351731596,44.487438351496856
7.535070140280561,21.750790353588652,21.648162934188367,44.186229510991254
7.5551102204408815,21.668936108312614,21.437183945632224,45.589942911417644
7.575150300601202,21.63848711359051,20.99051930837205,47.56187915333346
7.595190380761522,22.040575192045658,21.747249388117936,46.44380697087628
7.615230460921843,22.506230866176466,21.93457323352313,46.33768026109244
7.635270541082164,21.253926911609597,21.53955614327239,45.7684041440118
7.655310621242485,28.458766322997427,15.512896444790933,68.27619834706454
7.675350701402805,21.5078082962113,20.998909383713013,44.49447348980763
7.695390781563126,21.178193674640376,21.614215875105256,46.593403854141485
7.715430861723447,21.721018985649266,21.727614765312843,43.05038684815432
7.735470941883767,20.65085899110831,20.91749780731834,45.03876247539605
7.755511022044088,22.251176094386967,21.218581074971407,46.56525965263304
7.775551102204409,21.822053289669917,21.811477085828635,47.40490249596614
7.7955911823647295,21.619090214766963,21.14551517163822,38.646592373608
7.8156312625250495,20.498987991689383,20.61340672490723,45.58312735336395
7.83567134268537,20.065953893230947,19.38745511466805,43.04300090826679
7.855711422845691,20.70538795408251,21.84634499971636,44.388778771692394
7.875751503006012,20.862407931360963,21.167399218285976,43.698680345263234
7.895791583166332,21.72670842379668,20.81840039178069,44.659483506408186
7.915831663326653,21.096520281126097,20.98445364126939,44.20024352266326
7.935871743486974,19.208394095044454,19.164352768088616,45.528536543291274
7.955911823647294,21.733333947289715,21.668083110634754,42.47198766410527
7.975951903807615,21.767011756902253,21.978667558381368,41.10125648935515
7.995991983967936,20.151880893494578,19.325509708128987,46.478360989403136
8.016032064128256,19.47404531446803,19.671520029566388,44.88520926985193
8.036072144288577,19.882942789524222,19.32803033380878,43.58417811865185
8.056112224448897,20.813557079176285,20.704183190569466,41.80821206285177
8.076152304609218,20.271252735224632,19.971632001117374,46.30466067635336
8.09619238476954,20.571955451190668,21.15920469857873,44.1611304946829
8.11623246492986,19.616757428742574,19.913554399628325,41.171879858825065
8.13627254509018,18.260210780725508,18.501045153972417,43.392103170545035
8.1563126252505,27.735555189187437,14.389486606912708,62.29040461682973
8.176352705410821,19.482930519104144,19.997441207285547,43.25112870332016
8.196392785571142,20.490479653134933,20.747678734542337,44.440985073406935
8.216432865731463,19.782583851214454,19.7199500233578,44.63229221368158
8.236472945891784,27.411980044761375,13.102710012423552,57.98944477074486
8.256513026052104,19.438669305117436,19.414313343669843,45.48248049681346
8.276553106212425,20.09944688544973,20.133417019197747,46.595989099224475
8.296593186372744,18.33644418935748,18.675121473288343,42.8987533563444
8.316633266533065,19.43660088185139,19.77432056887361,42.62732714578029
8.336673346693386,28.096911590583158,10.000912414615707,62.2331698425373
8.356713426853707,19.26325154684266,18.526887985446173,45.18595849305882
8.376753507014028,19.32960345059756,19.14848656880954,43.48246948412925
8.396793587174349,18.561526513298436,19.063004140334847,43.69264171872516
8.41683366733467,19.458892325306373,19.145068288559983,45.151389880010186
8.436873747494989,19.74712657806058,20.017895128076088,44.716702827979745
8.45691382765531,17.913181641716356,18.33104979063878,46.061951323928184
8.47695390781563,17.912159197403067,17.13182983891077,43.94106607298598
8.496993987975952,18.114860025435114,17.911306205712062,45.95872190685884
8.517034068136272,17.788151319564733,16.854338459865588,50.098019417435445
8.537074148296593,18.044382050242973,18.236022804941364,45.29775360783538
8.557114228456914,18.5133634358763,18.950859287039624,49.68730810562525
8.577154308617233,19.467841624498007,19.80687277993621,46.89762619294324
8.597194388777554,26.812637276302592,11.8469496061553,49.79907255121507
8.617234468937875,17.82099909583181,17.651416092283565,43.34777601657092
8.637274549098196,18.464004166917448,18.210303542925796,42.29888807131403
8.657314629258517,17.47938327623552,17.45285955291057,41.63066484554723
8.677354709418838,17.435309336320525,17.501883109437742,44.92733878391532
8.697394789579159,25.065607766312986,11.217584451921988,55.74048367053735
8.71743486973948,17.68889796708075,18.777423350022293,47.72023180036062
8.737474949899799,17.88068226574514,17.43561688554052,45.465736174853795
8.75751503006012,17.186557596574886,16.977566944681612,42.97104054658517
8.77755511022044,16.30939336752215,15.872278116546346,45.86443338151851
8.797595190380761,16.60017829015552,16.37395762244466,46.93565204805041
8.817635270541082,18.048465056017484,18.40718992746237,47.7478287704229
8.837675350701403,17.9277403756086,17.622113002772977,45.95073122138402
8.857715430861724,16.446038485760067,16.654065813507675,44.05164364979207
8.877755511022043,16.36288932853648,16.11032094602273,48.21904133155195
8.897795591182364,17.32215711539285,17.400971501443543,46.27193550142348
8.917835671342685,16.118868802186682,15.853850094585098,42.56143106695561
8.937875751503006,16.60004104155412,16.410983249000665,44.75195722522
8.957915831663327,15.405048008931377,15.077160802989646,44.98031038269924
8.977955911823647,16.6479516410662,16.085748586733125,42.75990515506025
8.997995991983968,15.222574662847313,15.426834594228088,46.20758104055579
9.018036072144287,16.08084680373168,15.954812599129118,42.964471381846096
9.038076152304608,16.97971617600877,16.630815761946067,44.25346350811737
9.05811623246493,16.218198097890237,16.427256669395373,46.85649138268865
9.07815631262525,17.54722783254061,17.372972722768832,42.69301514803043
9.098196392785571,15.013482570135517,15.093907885908077,43.3529300587483
9.118236472945892,17.39118743414864,17.210926858535093,47.65055218087407
9.138276553106213,16.133446920494684,16.400331377772446,45.3159486245029
9.158316633266534,16.64399036789563,16.22059421583036,45.422793134941315
9.178356713426853,17.338453756930292,17.70695044284598,44.24873266846893
9.198396793587174,15.488494777885839,15.907029248427584,47.58549057903642
9.218436873747494,16.53428069150101,17.084453204347533,45.6104862530627
9.238476953907815,16.935458930585252,17.13441389074988,47.82837457666218
9.258517034068136,15.688348932636817,15.828726376538501,43.99753178441957
9.278557114228457,15.692523073283997,15.551747697052603,45.47710990754748
9.298597194388778,15.958897067958407,15.546978330104052,44.713482169271614
9.318637274549097,15.929006323706403,16.27834444331704,40.617492297669436
9.338677354709418,15.690334985230457,16.171865749350385,47.24474843740632
9.358717434869739,15.523873492211356,15.381126937564407,46.08678165574362
9.37875751503006,14.908136839869488,14.90907537473857,47.45998073687737
9.39879759519038,15.453165118379687,15.756876415665133,42.19985855363398
9.418837675350701,15.286898516122248,15.466446934461445,44.58874429271351
9.438877755511022,13.675093704079876,13.697748567351573,43.54365619806037
9.458917835671341,14.564611633611623,15.073830383492924,47.08012363980515
9.478957915831662,15.170268670130937,14.945818123893229,42.330778786179536
9.498997995991983,15.297563842926198,15.17956680902914,45.869005292182614
9.519038076152304,14.320194759933148,14.38899064928883,47.50626564953649
9.539078156312625,15.825759317317912,16.075780905382647,46.939138051505815
9.559118236472946,14.565576927304477,14.660793676938402,42.22140253957802
9.579158316633267,14.927738951393241,14.869312219670599,47.12017947981733
9.599198396793588,15.495540139037239,15.479572626896552,46.00618073724749
9.619238476953907,14.909150079768828,14.814104750375268,42.94037630291631
9.639278557114228,14.477483801289406,14.441769567505151,45.61809488606531
9.659318637274549,15.580814455707403,15.376491481751108,44.52857751028667
9.67935871743487,14.146729834201054,13.880923180730287,47.23848983512819
9.69939879759519,13.68149720423122,13.60092529174701,47.90551109025237
9.719438877755511,13.27835489523829,13.68434002533459,44.837908070556516
9.739478957915832,14.727037686718287,14.430008436931324,40.828204244533325
9.759519038076151,13.853147618375246,13.445300680928023,42.25233035020268
9.779559118236472,13.925379565278522,14.309293820910714,45.23164917445389
9.799599198396793,14.282405788824036,14.393695587028907,40.55915798212975
9.819639278557114,14.013134776349034,13.677389475745771,46.77415955289258
9.839679358717435,14.509407258819898,14.592625706576808,44.705589442628806
9.859719438877756,13.5277679586993,13.68058908590704,48.27159561227163
9.879759519038076,14.078363328778078,14.016125006522822,45.13873960531614
9.899799599198396,13.443293403398812,13.495076141140721,49.784219270547986
9.919839679358716,15.425436426635358,14.777766694762269,46.36644602957762
9.939879759519037,14.10602215215837,14.07363409087611,46.13354345236836
9.959919839679358,13.341543595674594,13.166136303920183,44.9020699382831
9.97995991983968,14.128356956889673,14.3293782090816,51.225820402087685
10.0,13.324303471374048,13.539633859442965,43.30386880393898
